thuongembe1@gmail.com:thuongembe1@gmail.com
thuongembe2@gmail.com:thuongembe2@gmail.com
thuongembe3@gmail.com:thuongembe3@gmail.com
thuongembe4@gmail.com:thuongembe4@gmail.com
thuongembe5@gmail.com:thuongembe5@gmail.com
thuongembe6@gmail.com:thuongembe6@gmail.com
thuongembe7@gmail.com:thuongembe7@gmail.com
thuongembe8@gmail.com:thuongembe8@gmail.com
thuongembe9@gmail.com:thuongembe9@gmail.com
thuongembe10@gmail.com:thuongembe10@gmail.com
thuongembe11@gmail.com:thuongembe11@gmail.com
thuongembe12@gmail.com:thuongembe12@gmail.com
thuongembe13@gmail.com:thuongembe13@gmail.com
thuongembe14@gmail.com:thuongembe14@gmail.com
thuongembe15@gmail.com:thuongembe15@gmail.com
thuongembe16@gmail.com:thuongembe16@gmail.com
thuongembe17@gmail.com:thuongembe17@gmail.com
thuongembe18@gmail.com:thuongembe18@gmail.com
thuongembe19@gmail.com:thuongembe19@gmail.com
thuongembe20@gmail.com:thuongembe20@gmail.com
thuongembe21@gmail.com:thuongembe21@gmail.com
thuongembe22@gmail.com:thuongembe22@gmail.com
thuongembe23@gmail.com:thuongembe23@gmail.com
hoainiem3661@gmail.com:hoainiem3661@gmail.com
hoainiem3662@gmail.com:hoainiem3662@gmail.com
hoainiem3663@gmail.com:hoainiem3663@gmail.com
huongdem711@gmail.com:huongdem711@gmail.com
huongtoa12@gmail.com:huongtoa12@gmail.com
votrunganh1@gmail.com:votrunganh1@gmail.com
cattrangbienxanh1@gmail.com:cattrangbienxanh1@gmail.com
huongtoa10@gmail.com:huongtoa10@gmail.com
huongdem871@gmail.com:huongdem871@gmail.com
votrunganh3@gmail.com:votrunganh3@gmail.com
huongtoa21@gmail.com:huongtoa21@gmail.com
votrunganh2@gmail.com:votrunganh2@gmail.com
huongdem872@gmail.com:huongdem872@gmail.com
huongtoa13@gmail.com:huongtoa13@gmail.com
huongtoa20@gmail.com:huongtoa20@gmail.com
huongdem878@gmail.com:huongdem878@gmail.com
cattrangbienxanh4@gmail.com:cattrangbienxanh4@gmail.com
votrunganh4@gmail.com:votrunganh4@gmail.com
huongdem864@gmail.com:huongdem864@gmail.com
huongtoa11@gmail.com:huongtoa11@gmail.com
thuongembe24@gmail.com:thuongembe24@gmail.com
thuongembe25@gmail.com:thuongembe25@gmail.com
thuongembe26@gmail.com:thuongembe26@gmail.com
thuongembe27@gmail.com:thuongembe27@gmail.com
thuongembe28@gmail.com:thuongembe28@gmail.com
thuongembe29@gmail.com:thuongembe29@gmail.com
thuongembe30@gmail.com:thuongembe30@gmail.com
huongdem846@gmail.com:huongdem846@gmail.com
huongdem923@gmail.com:huongdem923@gmail.com
huongdem137@gmail.com:huongdem137@gmail.com
huongdem977@gmail.com:huongdem977@gmail.com
huongdem223@gmail.com:huongdem223@gmail.com
votrunganh7@gmail.com:votrunganh7@gmail.com
trunhanhvo1@gmail.com:trunhanhvo1@gmail.com
cattrangbienxanh2@gmail.com:cattrangbienxanh2@gmail.com
cattrangbienxan3@gmail.com:cattrangbienxan3@gmail.com
kimchingocdiepthanhthanh@gmail.com:kimchingocdiepthanhthanh@gmail.com
cheongakiu@gmail.com:cheongakiu@gmail.com
hoanghontitach@gmail.com:hoanghontitach@gmail.com
garankfc1207@gmail.com:garankfc1207@gmail.com
prokin12071999@gmail.com:prokin12071999@gmail.com
linhdanbanana@gmail.com:linhdanbanana@gmail.com
ingmastersieucap@gmail.com:ingmastersieucap@gmail.com
cachcachkutehatme@gmail.com:cachcachkutehatme@gmail.com
hunganhlanhchanhhaha@gmail.com:hunganhlanhchanhhaha@gmail.com